﻿상품명,가격,상품 링크
올즈마켓 고당도 수박 1등급 6kg미만 1통 ,"30,900",http://adgate.auction.co.kr/core/click?nextUrl=http%3a%2f%2fitempage3.auction.co.kr%2fDetailView.aspx%3fitemno%3dC551222435&data=wjVF2FirLS%2byrzORcnql4QxexjPge6i9Qg%2bf1VIpZi%2bX88PKWtlxd0dtV5hgriw1txHGU2FrzPvFaF7qhHX4qj3xC7wUX67F11uzxwAg36TgZ8deIzpzSdlYp93MKYklHC%2bRKQF6n9qYowTXgAgt%2f1tKtNZcg4bq6ecnQQEhJEST7u749jXzb2OWkiU27kkEwuPfNfskca066Ph5cPRi5AH1cDlVoFh3b5%2fkycrS03md8amaR0WuJ6v8fOq7502etXFil%2btSlUmlCLJf61E8qkkj2eCLVvHsYg%2b8LkTsmmggy8Kokjpuc%2bUJjkIW98EAxzCboIZEtlaekc5EKo289gxj5sT4OxZPltjqmSVhiVyywih9ix3HFZ0kg%2bDRSfprrkNMH8p7hxlAabvg79e3RkwiaUIV5JRZWCPlgf6AUCUlXxzHtJi5B%2fgJUL9QRRyQXN3%2bR7tLBav581W7tmfGLgwgTCWPaV%2fZlnUxHoGBmlthHVCTeu0GPegIR9Di%2fu%2bWTnIniRENTAR2W4UXRzRgUyBfqpX3pvXsW9Z5udNUt%2bLZeNIE3xEVgcjOlkarEEa4SRN19sG%2fVs%2fQI5htt9TK%2fj9zAI0czfF1zfHxT9%2f0rB7llV1Fcc3Ya5BRu84ajQrvhqBqr%2bUcFhtvR2KSFrwqqCBgqVvTt1opLm5EnL1AEVIQme4aN%2fFNzYdVGfFsGCC%2fICO5KXEB%2fMac%3d&referrer=http%3a%2f%2fwww.auction.co.kr%2f&seq=338579208391&type=1
프리미엄 고당도 꿀수박 가정용 제철과일 5-6kg ,"18,900",http://adgate.auction.co.kr/core/click?nextUrl=http%3a%2f%2fitempage3.auction.co.kr%2fDetailView.aspx%3fitemno%3dC591617008&data=wyF8nBF5RAO9s9uyOJHJjRszHtoinYNq1oGaoczmnCSLU0pdDaH1yTJRaffNOyRXp54M4V4XQxgfiMWeZ9YydhaCdtXCB65%2fkfHLfZ7w2a8r46lCtFs8ndKF6JS9qU71fQZYTqMpVtIaDNMErhc31s1jOX%2bwla2hPBVlv68nLCrnyKja8PBv3V7BXJHT2GFYRWZF%2fNDT%2fX%2bGVKyWGIg%2fuEtRo7kBwgmVws25Vc%2bef5nn4dhlTEsqsU6SYuVSZuwKkp4%2b3Liqlidf%2fTZOQ1HD4y%2byF0lk2K3oRS4gt2TRnIc0ns%2b8TjlZUdlWHzkMJ4lvRBo%2bUt8Qmn8bjHO4gHE2SAn9wk%2bsPZI2iOWFFrqUbS3IujgR%2bHE4iy5J9cEauAkkdDN4FyMdZSPFRdvA3rQXWtldWvfjX5Hy5enOdvyyqLc64XG0PAJX1eHTXT9jfzfA1Nq6lxlQSUJXwzDsB1JOmmU6cVSbJAlSo%2buwbQc0oKJofmvWSIW7TquiN4ozRbqq%2fPLtZWX00C%2fuHrz9HJdyK5ZUwr6qLLwuqJxl3R4UqlpFfBFQm4Y2yTKQbF82H6wZyUmBC1e9%2bQR0CsznCmIXlThmcXc9Vq5x1SoW9lnV8ffHGdEFWiggQy8WgL3azz%2fHwgdDY5rS%2bjA3CNyJr59LzFpcvFS0pGnuk39WPMS7ZNyIwxM3SOyPJQcttRs%2b%2f4vetuvH1FzZ8Di4%3d&referrer=http%3a%2f%2fwww.auction.co.kr%2f&seq=338579208392&type=1
과일꾼 고당도 꿀수박 2등급 4-5kg ,"18,900",http://adgate.auction.co.kr/core/click?nextUrl=http%3a%2f%2fitempage3.auction.co.kr%2fDetailView.aspx%3fitemno%3dC603695131&data=wBOULrZ26xFHrIPq4HO1oilT7v8vV7w31ygEKkfiMUEEiS6RCQdnfVKQLV%2fsT0UScMvF9l%2bCLoxFDouN3lmadnGNASqME335v1uHaMq4WeXCIXcYQtkxGlthTZNQ5BPRTHIOF4NBTFoLiLJjaYhdXUmRlPxJkUc1ukgndEANtbN%2fKnQAHU9580d1AJpA4tEOpzKUoFSFzFyb4v4OsgY88WQAnl7CN%2bCbqqJAMxelSgoLsNfsIqW5N%2ba9X1Pxo6YSt2xxt8ovrmLo42IyVuK%2bL%2bcaBMGLhRjpLKmKnY0jXFCtbRQWd8EMaLszgjU1MYNhnGzzY3arWtU5YaxuNhv72E4EOHMSUoNqafcAeC43RSlWrlnv3880DIwyuLMlz6WpNW9dDvn8i8U%2b3bGnjtfB%2bD8PxyIafIGUl0%2bn7GkLzlEAWwmAylsM4yojh5D8%2bPsoSuApi9KhEZE87SSkCITW%2fbRLbT34k5yxzUssG5cslnqt1JHS8c6k9TcAr8pmgrX6BF4sxealkDsuhyTi7BncC1wZlfjw79TpkfdEopN29gwLupS3vVcfg1aNkemFpPkFsQV9DLgi1%2b1BQbuLKI6BQl%2brf34Fkb4o02N1tIiPnnabY8intMpWPV6F8OoJC1Ws7X5JMtpYlWkGCfp5gVj6dB2wI%2fbDuJJTEXuWB4YDtRm74d7GXUJ1AAwNoe%2fPjUjGPqhiuADFeuY4%3d&referrer=http%3a%2f%2fwww.auction.co.kr%2f&seq=338579208393&type=1
프리미엄 고당도 흑수박 가정용 제철과일 5-6kg ,"19,900",http://adgate.auction.co.kr/core/click?nextUrl=http%3a%2f%2fitempage3.auction.co.kr%2fDetailView.aspx%3fitemno%3dC591619583&data=wrqo%2fxUTdNfb1FX16gIIR2XyfxmgXrjpbn5H8ywCzY%2fRrUIEBSqdDKRoiVD5L8LFZhlTTD2nZmcrMUAVqlYtIubW4n4ynX3RyaKhGkl5jiyL2DtjUb1klP15BugPe2xQBxYmFAJQaK53r9DuHww7W5lOuHXngDCyvKFmYT852pXM64zifTrbqy%2fwC25SLIVxWrL6flj6%2fmeM9wO7xtAM2CakLKsgau0q%2fv0KkRtXxa41XMoaO3F%2bKhw0JELKf4bs5o%2f9CHDIzVrY3IIa9cnVkcpLejQNlvgOblsRiUO8Rd%2fUw7Jiym6pHFHPreXOaJSSoxUMJOWe4xl%2flfpKpplCuTiFp8a4cLwrtAXUwPvfSN9ZDM63vKxCKs4RXcMnm2LhezAczR80bVGqU%2f%2b5zZRbplv5PoVX5uDNDEozGuE4PX1SpPOYYLJUdwhUf%2b7oXFYL0IKSrJPjZ%2fl8TZdCc%2b5onTLrjawnyG0MqEGUYzgPstbANjIpcfZWxEXmX843Zo17PuVg3XM1b5pnghyOycTe891MpIj9liewX04cqqC2oH4jvJyCMWjEVCFboa6M9WvXmfnCdhe5j8O4j79Y066W9dTDclA3MLaLUe6a4JG9RJ0HyMSLBcJTyXPVAVjs%2fQt2TJ4gtM4cepQ6JaaZtJWC5HG7NWz%2biOUA9cF9csK17yM%2f99ROh9LJgwrMW%2b5bCPb5FGfjkOn4nTDs%3d&referrer=http%3a%2f%2fwww.auction.co.kr%2f&seq=338579208394&type=1
프리미엄 고당도 흑수박 정품 선물용 제철과일 5-6kg ,"25,900",http://adgate.auction.co.kr/core/click?nextUrl=http%3a%2f%2fitempage3.auction.co.kr%2fDetailView.aspx%3fitemno%3dC591620511&data=wBOULrZ26xFFCBfoGk7VdR6r7q8ybosUXa1rsg6qZd79EsjZMkiB%2f9czkX%2fcScJWCN4QDCTInY0tYKWVBYuKhglCQoOJwcjBINnTKEgQSZ%2fWE1AyDnXCKcBp7RJF%2fPuta7qlHCZQDPlxUkJg7OUwDcAX5OMJUKJfNlDP4vM%2fMGMr5DDdSBLdTE73sGMVJEQOykQWJtrwlbxPKwrr8p7XUZ1rquiPOZsqSJqSr1M9tw6R9pJXijfDFxNuZkb3ZqibYqvT9RgeZBTSE0Yj0RtQLfeS4m4VKm4%2fICeXg5%2fLSXUoX9DLfKSvGX72p9Oq6D1drl7qtcmts0r6aKLp3BdOmzPAXCVyFePQ0UPOWujY7Uk2Tq5DWpT25iWoha51JhYNn2vMYlvpkqcHSaKB7bixK%2bkYCnWGFPd%2bppjcG04bsJgUja2PP9r1TYH%2fzyjm1b8VJbP4tw0AefbLxJYus1zdj12SJD7IMTgcabfq6UkmXcv0BjT3mRHNihU%2fro%2fOFsAXggHrMKTPE6E2t3wr6M4MjJKQpsEfgq3neTsSMYJmHsa%2bxmvtDFti%2f9dceVxjLX3ijmSfOCwBjD7gRjuqoX3vVyUZrxG8mbElTV%2bjMyyUXuHJYnh9bEH1Im2OAgsy87dSOsckv99RozGwuRE%2fyLyVLzyuI28Q4wjMLqfWPQNI9imGtRdqQC%2bjSEGujUz1hMRGKO8XnzlohaGI%3d&referrer=http%3a%2f%2fwww.auction.co.kr%2f&seq=338579208395&type=1
고당도 꿀수박 4-5kg / 좋은가격 ,"18,900",http://adgate.auction.co.kr/core/click?nextUrl=http%3a%2f%2fitempage3.auction.co.kr%2fDetailView.aspx%3fitemno%3dC299981667&data=wsP07Kgqvfbzqi%2bnIrnDnr0DDbt3UOSnXtEa5ux4D4X2UmORenIdmYgZryRxofUruiaWzHgaqopBy5OQX%2bYjTXplr2s6Dw%2bh70iDz%2bHVKGRUiCTFELIgKyes2ASznVBTe89IFeFp%2fs66djTshXbMHIdGatG7AJVfcoFlAnjSMqd2VhR6HTQSsO6hhYUlACqzXDSBA5crFfkWFqs4piA%2bkCTQ7LSVGeHQocKOILS2aolQltbdXI3v4TqyiaTGXBzHqxkC07F7IRbwKUKG7lhTlZ%2b2wbN9c8Io7ZT1TNQo%2bLhokzwFqGl808va8ELRgx5u0Tyc64ZCY6mRCJu6xZOoC2CejBsBZnzckDz01klm%2bb1pjr8YkchCXo4nceKygXqp26bxq54Q8M7%2flcFOq9jpYc%2f8bPKPd5p44E17lPgG8Ozsnoipvkn6CsjMmYuwSbT0gGUrxB9a3NXfW5nzXRQ89y3Vd5LpOsusqVJA7ViRV1Kzf1dN9F%2fG4ZLIIUQkoVZUb0zml1kboCrEQupVWdPDzl9YVFtBq%2fS7tUd6IRZNQ8OYoFG%2bYsRtWYBQrTLrV2EpG8LtIADT%2fF9sQQ4O357ZKyy%2frg%2bMY3t8a%2fv6hWh3xh%2b9K2QjgS8Tct%2baXCQ6Q%2b1%2bBNy%2fnxt%2ba3%2fp6p9xyf5XXtq9DIiCZMdv3GFEg9wnuwXS4tK1CeTv40E5g5%2fYGcJUDzCSdkqEiZY0%3d&referrer=http%3a%2f%2fwww.auction.co.kr%2f&seq=338579208396&type=1
프리미엄 고당도 꿀수박 정품 선물용 제철과일 5-6kg ,"23,900",http://adgate.auction.co.kr/core/click?nextUrl=http%3a%2f%2fitempage3.auction.co.kr%2fDetailView.aspx%3fitemno%3dC591618245&data=wBOULrZ26xFEXOZ%2bhVS17obRjPegRTOt1P0qF4qfCHO27fauNf2FRc2zaVQ4jP0oBE0IFp1WQopQB%2biQYYxOSdEpY2%2fvXrHa6bEgAKuMI8lYHMXOOzqKTxTpUIEanbGGmeUbIwC4IPB8WITbpofmw%2bgaPjVHaentv41FfbEvv5R88t%2f7lKIJqdE3VUvyoeAhBTCjjcGp8dQ0Zgq%2fi%2f7OO6L5b1kF4j7szzYEV%2b4uNC5Dasb63ZuA3JtR%2fyQhgDDAVU6RteDkyTSdX0ChN7EPUgz7xLOnAHjnsEGJNiLn%2bR8KnZ6cfPHKWmJY9iO%2bzRnZicapz%2b34pkfofufe3VA2phOMT8mYXAUd0phu1Axxr6uLO8L%2bc7OoztlwBHKGE19RgPso9lNmf8F%2fK9eL8oNOo1vCl14ABKrw%2fWIxc6dT5CZP3C%2fgScl1eGDq%2fpYUJ1GVKaid6HgsX3UOgdxqxV6HoqiqCNXZE9Nm7oM9Bqsl45bbIAcqfmxASLBlVjMgkJ7C93l1jWGjrPbjNc1jcfUGweFMsVjteLeDom0a3U4mNjeVHINx9EnDplDH578T%2bVCU37ZVwtznJDPsUZRQ%2fMJpBeIOb7V9SS09TEvshMZ5eguWDMk1FM7Lm%2fL0qJDHlg6fF3lx88hZnuILB31cIlnQafVfZNrPEv1YXl7CaCqc3%2bsYYCkjUKN1daT6HhUmGr0Wsjsb%2btxhLNyw%3d&referrer=http%3a%2f%2fwww.auction.co.kr%2f&seq=338579208397&type=1
달콤한 애플수박 애플수박 총1.5~1.8kg내외/2수 ,"15,900",http://adgate.auction.co.kr/core/click?nextUrl=http%3a%2f%2fitempage3.auction.co.kr%2fDetailView.aspx%3fitemno%3dC354248222&data=wQq%2b4XegQwlX9C1hTxchDMPLN9SPisqwSf%2bSuj0ejlqU%2feaLuquq1XRgbE%2bv5b1j53TGLMsOPDF5SqiZ7FTeDeZ2sdC5MjKt%2bQ52LPpYZTkb4Se2Q9S58%2fa14F4pCnFfk0HDT1nRvJ4l%2br%2fJm5u5pCTCAdUbfnYhAubhvfSrJI78SdDEsNzg%2fTOvyFBDT4MoW2vJAWCXDDBisjsp%2b85bCQg6ehwagmZ0SFMMNIIztwNiTUhhs42zIUgJ638W86HTFNU8gSmMtlCDx98F%2fHuo0kIILrZE8NOxa0blhbbn1zGutReC5fIzL4ahhKQbNv2%2bBfxBl4LlxzmPRR5vifljH4IiF77Z06vSywnnKWuO0kK3fBxLUkY9nsw83KJiw5YgNO8wT3Xmyfrk4t0tfhfr%2brH%2bXla%2fuvjZHxaxzRG4Vv7oVasHiwYYgXxQSj5RFbH0MswlpwBXk%2fwUji9LFpbb2cKJ3FRla3xr9BZUNvmKvbCLf2B%2fKirfZb968PzzZjs2E0xcTrCGHhzv4oPV%2fvlRsFiCVezE1AYP5aGFNUD%2bMqbP3%2bahBRlxW8GmhRIEzpq42kmmpTetKaVE%2fowFq9KEsqXBDoD6SxGQjMHLpN2Y2GDh9EHoTXmR8ExISqJKlPSqI01ZvX3ao01WS3cdcfP1%2bn9brEGGx6%2bArWIoYWkcyTop8PG78b4ij4%2flbWXIkoGK1%2bCYvvvcT3f4%3d&referrer=http%3a%2f%2fwww.auction.co.kr%2f&seq=338579208398&type=1
고당도 꿀 수박 하우스  4kg 내외 ,"16,900",http://itempage3.auction.co.kr/DetailView.aspx?itemno=C391479030
수박 하우스 꿀수박 4-5kg 내외 고당도 ,"18,900",http://itempage3.auction.co.kr/DetailView.aspx?itemno=B319611146
달달한 수박 실중량 5~6키로 1통 실중량 ,"17,900",http://itempage3.auction.co.kr/DetailView.aspx?itemno=C298074235
당도선별 고당도 유명산지 하우스 꿀 수박 4kg ,"29,900",http://itempage3.auction.co.kr/DetailView.aspx?itemno=C590775720
당도선별 고당도 유명산지 하우스 꿀 수박 6kg ,"37,900",http://itempage3.auction.co.kr/DetailView.aspx?itemno=C590784875
당도선별 고당도 유명산지 하우스 꿀 수박 5kg ,"33,900",http://itempage3.auction.co.kr/DetailView.aspx?itemno=C590785111
하우스 꿀 수박 3~4kg내외  시원한 꿀수박 ,"10,900",http://itempage3.auction.co.kr/DetailView.aspx?itemno=C356437360
수박 당일수확 신선한 고당도 하우스 꿀수박 4~5kg ,"25,800",http://adgate.auction.co.kr/core/click?nextUrl=http%3a%2f%2fitempage3.auction.co.kr%2fDetailView.aspx%3fitemno%3dC585691701&data=wsP07Kgqvfby4I0bRwZcQwxnfb2SSkymYqnE6eu%2f8CEaALEjLEsGD%2bax%2b9gK%2bAD9ctUqJjbY1X1JR4FrbD7CLmxWCJZ%2fJXcZeLjZdJx7Ef8CpDLXo211vGxjgLZo%2f8pGTCRz%2bxdviFu83ygBRSGxTIuy2brEaiS0pnytw%2b8Evc1hSr5mf%2b6E4I4RHiLXOF%2byxwaO8QcnN6Y1G4ONc091yjYI%2fgA0Vt2XS6ZOFwbFohDERaWSDf2LJt6zAdxOKCct7w73bo%2b78DZgB%2bfdo2r2%2fSylfmUfEdPAAC6jIBGZPrzL5qiCMHav5kEwSXzeerJznUK%2bayD%2fzv7J71%2f82lGh5HbbDlF%2fEMqIHjl9f%2bkbStZp0BOpC6mmNqHNYprHGohiNLeibIxAr5ZgayZx3OGWsl17KOtYjVqKpPtf3dyB2r0dwBVPsY7ZwRc2t9BMRP9IubX%2bEqZMV%2f4XLRF5dERgIv255JDYIcFFszRBGKOfAnV2CUbxqKTGxG8vnmaORqnCu3GtIJziiLbwT1XTrPvG0bsI51XKB%2fAhfRjmDh6DyUb5oGqRQwOJ6BqJNU7xewG9OEoykXTT8D8V1NgGt%2bsAdYz3KlZUMn0VqMEbGNMqoMYmcbWAIXXfaA6GGjQ37d0kfVzyl4fDad2V1%2bmnq3koVxpX75GqcFdtzUVPOs7KTZ2FL9Yxv7h%2bCgaGy3L8%2b0dq5%2bmOsKUaJCTc%3d&referrer=http%3a%2f%2fwww.auction.co.kr%2f&seq=338579208399&type=1
황금열매 국내산 고당도 맛있는 꿀수박 6kg~7kg내외1통 ,"26,900",http://adgate.auction.co.kr/core/click?nextUrl=http%3a%2f%2fitempage3.auction.co.kr%2fDetailView.aspx%3fitemno%3dC315199106&data=wjVF2FirLS%2byyhpZpPbF%2fZj8s1JAmQ1ZfT39JQkl4R%2bn%2bXpCm%2bc%2fR%2b%2f%2bwJ29FQjznQ4bgug3IyKdoq8XgxY%2f7ASo%2bdrMVIyBKjnxnlotGa07A8xUF7OqB1lo3WwdZG9L0Y29efWp4XUT7dRlDOMT8L5Ljj6aCgu31ZH%2fMY6hd%2b4oEkb5UPlqHb2bFVQ6ZgfLrE2SgFOV3XgA8qMKDlq81Q3ZserTSxUTXnIboLzTYTQdFS0HPLtZYOAADV8u%2fVPfgTL8OBLpBQoPfAofcdNuiu%2b4jAHQr22hoUiqvdCO%2b7jQ83JNzukg1VK60vlLmysgoYnvutAODseqM44JLwo3ZFS9gRLuBB%2bxkvn5FMTcZJe0PC%2ftxqwhcPQPe9BNWStqTEUtg2h99yq8bKJ%2boFOzT2C0xke64MoJtpIJw0VIIA5RUT0GwzYJKzErq2vPpu%2f27VjPavSHwjLvdzSnSr9OJsArpU8yzKHflE0J5tZJ7UVdFzV4%2b8LghAx4GbWhG9GalvK%2fS%2f7dY8K7DfKurc6RM2BYXX0JJNwol7sLDA50yQ5x1duBX0X86o0%2beaAnlP782uKIZlez8BHBCCuIT8Bt20Bi0brLfO4IsrybigpImT2SOaGMp5OJaz6ZpUvX5v5X%2fCNFZIAt6%2b4j5ozBWF5eRVIUZ3d26m1ojQc0f%2fIuTfDaeN%2fbN63wNze5fxrGnntZzFgDEOJaCI6U%3d&referrer=http%3a%2f%2fwww.auction.co.kr%2f&seq=338579208400&type=1
맛있는 고당도 하우스 꿀수박 안전포장 5kg 이상 ,"24,900",http://adgate.auction.co.kr/core/click?nextUrl=http%3a%2f%2fitempage3.auction.co.kr%2fDetailView.aspx%3fitemno%3dC599828722&data=wn4M7ou6NNP%2bkZv0ubR7VJBYrGS6MXdDKepOjxSdD4hCy%2bNZa5Ix00fNdhMjEodTKKCzbgpd%2f8dBC%2f%2fszWI5%2feqUeRmiuw3UtqHkYx0zXFRgiUlPBE2Xt9tIoJl8D8AlI6hTDfTaQCfuG0%2bHh998UzrcJB038M0b812SfWPgkuKh6NJ5pBY4Ems0%2bqQbYPxBL%2fd20LvmAn4RkrpmHoaXxfOQKABUw8iDxJgLhwaUk5YX9rEq9jKd64lx7LBYBbcBSUNfM8vyo5pjBIzHSUb4ixHFoj4h0eEWrNgnuoWdmJxyMUxVfkivc%2bExPbEt8h81H%2fauVs%2bfEzP9Fkj6FaM6ykh9IJkv67ZbD5CrvsS1cgAmREL%2fk9Iu9a0gvE5BWXQps90KX8APyjRfCJnfZvCLTwKLsuPiirxyzBYHLgu2H3F1YnZINE%2bqUjY0xA%2b9Js2lXaipYRVeoII8OTJVYWdFrOX1t0ITZ7Dv1rB5Us%2b449mTHGC%2b1TIrawdbpAw2Pv2RMvyvZsDAkaICuO5X8zSBcoHqsHcvP9P4v%2fEcc9r3luYIX4JjXEjsSJeV5xq%2bCvdjkff6XArMEMlftxY8j0RqE13rucEVLvR1QKWkIHl3uxmiyeIHo0rjRSHg24aFC4XqJeJ3it0qUnHpQffczIehJvIweBxTdyRwon%2btC1E8wMr6TFOGjo2MRYPkWl%2fHphiLqwrwZFKdx7Ak%3d&referrer=http%3a%2f%2fwww.auction.co.kr%2f&seq=338579208401&type=1
청년마켓 프리미엄 고당도 꿀수박 수박6.5kg ~7.5kg ,"28,900",http://adgate.auction.co.kr/core/click?nextUrl=http%3a%2f%2fitempage3.auction.co.kr%2fDetailView.aspx%3fitemno%3dB856701456&data=wPd%2fWwWhsLK%2f9wKfK8LC0ZDR49rHUEjSgPdSa45s2S4%2blzArPLL8s6subEZ41uQLRH8ppmLk6opTCeYWCIrjx3lX836q3tvZjalVj8ZBjuhl4z7f5fJ1kQplEz3mC9ojUzf4aEw0oEEio%2bKYYSHC75OJlI8LTWnYesih5DB%2fNKL9CNbNccBv%2fQDLHqeen2cMH2oh1DZSIT93Iid42nKoweZlY6a2yuWGcixPzUVG%2fxHYEUWyW54jBIHh1qcoRo0%2b%2b0F3CuPxOr%2fxekgoKuzF2VoYrH%2fu3Y7auUn8J7%2bB1xDMS2aS3OM3zNdj0sely88YUbeBeNPBLIP3dbMVRg1yTFC2dsKaLswKD7wEVLO1499iaxKk3Tc6LvKLKNka4w4AscCbDi9FtaOQQ3WUafXR6XGHLCc2Zr%2b8meaS2eIW5MqKyiWFIZTHBvHiYXvYSCgSK27mVeNdzzbm3FK0lq0S9Ehrr%2bkXUv1DA0F6Ft6S4N3OfZCEoww3GQnBGtQZyUvql89ASsNvkQXA8UCfQPHJuD5JC%2fCcEWoFRvNmkGGXxUkpkuOj6g3p6tPtIzWK7pGek19RIp4SFqxj%2bkOikMXcI7x0DAvMbfRnDGL6%2bHpw56LVfaXbWFtV9UrKXb1g4aFeklriRWdCs54L9k0xT2XnBs%2f7%2f85u2Ql24X7FNghSaz%2b7R5Wr5oqhUYY1m%2fdr2qBW7xjJAs0bzwWU%3d&referrer=http%3a%2f%2fwww.auction.co.kr%2f&seq=338579208402&type=1
수박 고당도수박 하우스수박 맛있는수박 꿀수박 8KG ,"46,400",http://adgate.auction.co.kr/core/click?nextUrl=http%3a%2f%2fitempage3.auction.co.kr%2fDetailView.aspx%3fitemno%3dC367652561&data=wyF8nBF5RAO86cZklZuc5WnF%2bLjtMhRU3h3QSYGwOsFROYf8NjCdebsDXZ425YSRveLqdKT%2fgz5wJ%2f55LWNV16B7V5eoOJ1DS1%2frNLex%2fniXxv8cQVMsIpLSOlqxfy0NGej9rIgScaHE%2fTqZn1s054W%2bt%2ftgSy%2fB1%2fBVTthe0jls9X6lXGoom5CCar6GUQsWtplfJinRxglqJjDlnAgAj7ToJQ2djqh2yjrdj0%2bJlHtYxhMJ5kJX11Z2BIW2wFkUzvD9jfYDQLxKnep%2bh6wrBmcv1F1Ck7Z5%2fDmC821XVjEIBVAGUlz4dd2BgBVRSNB5AlxtJP%2fWnej4A0mZya3zpNqM%2fUIx8LsZO5gxFEoQ82sTD5%2fexXt7QivdUbqz2uRnBRxglkUzxEGySk9EQ0jGZvIW35rUZfzadzb4N0e1nuP%2bu4ENTTzaI5ciTbv4vDPExfrA9he69T8b2QuXgD%2bGew8nSDJTAFCyCtMDFW4sapQ7aUZojgi5bY%2bm0%2bC52z5sHwQGkVSaUoYuBJXJKsX%2fVkIg56NmDGtpD30kPQu9%2fvYNDv30OWtn5cSm7FmVIBMXqaHNih0AyWt4egpWgnvH82qYgRBvRgq8BO6bKzXiS8eweFGJ5Ax6SaveG%2bb9WlTxJfNl7a%2bAzVODkIOHqhKKBuA7XsPjIoEhvXZtl85CQv8KUwHM4dPf9XNJ%2fW86%2fBXlgU1xSPRFAuFqyQODQ3oAShQ%3d%3d&referrer=http%3a%2f%2fwww.auction.co.kr%2f&seq=338579208403&type=1
수박 고당도수박 하우스수박 맛있는수박 꿀수박 6~7KG ,"37,400",http://adgate.auction.co.kr/core/click?nextUrl=http%3a%2f%2fitempage3.auction.co.kr%2fDetailView.aspx%3fitemno%3dC450636994&data=wjVF2FirLS%2bxWbxF0aRmRFjvc7q0fI%2bNSxQHmmewChZQubsGEJuu3S5S2zhMDsy3mraQgLhFegtgltXSFA6rLKHP%2fMYED72OZjoeHP2jXtBKXzDS8hDOQxMq3rrRUSvK1EORBh5GnQMbYuUYE4Q%2bNDJnXM6E117mTDzBcvQUOpVxfcl0ST%2b3HpKkhi0IGvTnxAYgmKAh%2bF4K1XaoWxCThzHjxqsSP8fnqnXMxsLQkCTuVR3MsefGpRJG62a0hplmUP6H68j%2bgLiAQ5WXuOyITCo%2bfcVTG7FGVtfU3I7lC0%2b3PbuuDD1Q6T7FN1KNv0CaO%2fVhRs%2fm4l4mVXZ59Ze3zw8MTe634eIrz9OZ9nRpgf1RaE64%2bUNJjXMG9xAiDa5JT%2fJESfb9b0ifCIfHhvRi8YmQypBDS2r44yJh5gbtokLWSMRqkwRpUTfzwJwYUtI9huOCsyhxec18IM96rUVLk91TGhWRCuQwDJoEmWhMbRnwlGKlJkP5vf5Irs4LCOShnq4Oqq3DH2Wa30XTtwsgwqq6RwglHRoiNdmlUzE%2bE2N7v8vVPeUZbB4%2fdqKsuJJwGCSY2grkF1Lpiboq508S954vA1eCXLvx%2fyNE0%2fXfHPfs2bI9QQkZ4Dzoh4tVSX9e9aQxeQFL7%2fDfnC9KxYRwnVuyKQv7LQ2spC1guCM63Uv3V16%2bJ0k%2fMxbJewdfmnUnTsYbEHcaePMelUu94DlFDMg%3d%3d&referrer=http%3a%2f%2fwww.auction.co.kr%2f&seq=338579208404&type=1
과즙가득 방탄포장 하우스 꿀 수박 5~6kg ,"27,900",http://adgate.auction.co.kr/core/click?nextUrl=http%3a%2f%2fitempage3.auction.co.kr%2fDetailView.aspx%3fitemno%3dC589572451&data=wQq%2b4XegQwlXvhmQLPVyKrsyAXhNaUdGriqzCxS%2frtEqZ1Aq4XzIBJgE6m4ZTnIhKpmdiNKqLBqRO4JuJuewoxp%2bz954cciutFsb10MKZPe3UKstJhps2nSLEfn2VdMCxgEMTmxyYP12EyaYbD6%2f2CWhpmBtu%2fsIx%2fasH%2b7aQLm6ibx6svMcY9KV6%2fDskhjbk9tgNcZ0%2f7HoRYQwkdHfbsDcYdHtTiznqVKeD3y8oP8trI22n2h%2flg%2fi7b4wRcG%2bv5%2baRmruH7YgD0FY%2frQL8NcbEYDTNTnY1WibtNGrcnFKp5QHldc1chkVz9E4wj26kaPnXQ9xpMU6lujwQLestrYm7UN0pFPi4%2bErlf9B53N45dtpkzESm95HmRIwvkuzGZ13qipIpxd4LyDoFmt7noiMWPk6mR9uZ%2fmWPdxZJ4yB5oNvU7xAm2r2%2borJqCurp%2bENU0RPTSJohMP7Ew6jGpezga48IU4872jo%2flb%2bcO0U9NcvYdXry5snIzTgshkiLUhOzA8jLcr0mqvV3kXITqiar%2bQWteWCjYvKbjzuzjXfgzXuakc%2byotHj56WJh1SaSD%2bhsdN3BcY9At6N%2bVXiCh2YMfNegl%2bWQehU3%2bCsvcwjtiC4EgodxhUewWKGv2v6lHe%2bi6Hvpx7c2BXiBeilfiRQZGy%2fsTliZDhu%2baobWaNqBFiH37Q8LFvHXJRgCzKyjHItfs%2bkRiE%3d&referrer=http%3a%2f%2fwww.auction.co.kr%2f&seq=338579208405&type=1
수박 7-8kg 더위를식혀줄 여름 대표과일 수박 ,"29,900",http://adgate.auction.co.kr/core/click?nextUrl=http%3a%2f%2fitempage3.auction.co.kr%2fDetailView.aspx%3fitemno%3dB847059434&data=wrqo%2fxUTdNfb1SRyqFvxrtXhI6%2b%2fKd0fdQ0w2GwhpjI8MySh%2fM9ariCq736Ffx00dTfMk8HEhCdlCH7FOBSTl64XAICf3Gd%2b8Pjg%2b770t7VnGepaZDsHytNn6TML09ptVZrfXQkHKqd68Gpvduu8CMWjc4DNrqcP2US4c17H4pBmzdpgq7ngsGxiKkUujSy95CNmHaFn0tzG%2bDjulROrvT9sSVMG5k6jqpCylYjInzFstlvjQEFhxa%2fFCKpVTAmnCrWX4n3KPIadH9qqoBYxzdwEZul9SHS15iZ9ZzrEw8AEhJdIV7QA5JJoW5veSqWqDFD6V4rDvNdUh1POScgicEYJHbszRewFapCAGbTVtvNu5EPj0ySbJLZLg02l6xzMT5ta35KhFFFzuZkouPUaFImN72K4%2bI2YbYj1nLYUIwHShRttdRMFI9iRMtsuPtgsKoZ3QvevqASBUHFTR2%2b0KPuNlgi63UBIHNQHZnLBDUgzx3Lytp33YBtwJS4L0R0hNPQvQ%2fe1xbm2fqXoq1Tpk7HoBUmgwMx53dSf1aqbrHUuE%2fxH9Xyvq11bN%2bXsyU%2bSzp%2f0espUWbBV9TiQ%2flNtxK%2byZFZBACiP2IQyXfcwLxMkNgoge%2fqKQ%2fKs11hzZiOpaEyEOKsF9wwlx%2bsxbIR6wx3k34ZfBqUHln9SvwybuSHeuxs2XPy56ia4Z5rbUnLYt2dzxSoJ%2beFY%3d&referrer=http%3a%2f%2fwww.auction.co.kr%2f&seq=338579208406&type=1
달콤 함안 수박 정품 꿀수박4-5kg내외 쿠폰가21080원 ,"24,800",http://adgate.auction.co.kr/core/click?nextUrl=http%3a%2f%2fitempage3.auction.co.kr%2fDetailView.aspx%3fitemno%3dC493049991&data=wBx8rMLxPt3X3EriU1YSLucOUytlQLNDf7W9gxV01QdpuZmbYvAwqXs4O6btLs0pwb0VSwCgAkjwM77HtYZpQxQmjBx%2bp8y4ROiGvfbXOJAd2du249gyvvn7KQkehQlWGjh%2bwQLNTv61%2fxoupm9OPEi%2fLAAHlAOD0zdH3ibwq3qWpZGyn4PmgITOqXaDxmrpXKTAPI0vq9JlVjzW13QALR%2f%2fwcNNK4p8X6lN4bZPxnEwtIu63Cby1d0MdGzyVCoqr9XW3IM%2b3XUwi8U6Y3iyj8tIqCB7Me7GQDW1%2bsnWDQaaOZc8mboXV8UHe%2fX36ch1yOVTERUvFleIuKS3dBTarQLFA%2fJsABg8HAqX%2fjp4rE6ubmdc8PD1euNxSJXfjZ4v%2ba4voWEBCS7tozwREHFAMqu4utTBp9i%2bl4kXeDNLtYlR%2bb0X90xyP7oqF9vJgb6pDi2GUkAA3F%2bUgugkKGVBK6tzER3%2fHpEtbihOoWCaN6WOX%2f1yCNkOc9OY2QZXTOw2%2fmZfYPDQ0BYveX10SmsGNFMuIUaUmEZ0yjZjA0PuMbYxjHBbfOqmuXWQHrZ1jh6jwaFzdJZ5UUPAuAwy0ELQtONMvxPmapAYudSWOZN6r29b%2filKkWsZwgiCrKJ%2f679GtQl0FyOSYhcxW4P189WypMHzoB04CtmAs7Send4391pUm4UcXpeUwCMthzcM8ePHnWTmvzbeZpBo%3d&referrer=http%3a%2f%2fwww.auction.co.kr%2f&seq=338579208407&type=1
좋은맛 국내산 고당도 원두막 꿀수박 7kg 당도선별 ,"52,310",http://adgate.auction.co.kr/core/click?nextUrl=http%3a%2f%2fitempage3.auction.co.kr%2fDetailView.aspx%3fitemno%3dC296449466&data=wBx8rMLxPt3XkBgD6BJL%2bhEPO%2bmBSpDyZs5j7Dq7P0p0Oioxrezt1HG2ZAXH2jNyA2ZVP8Ennfc4lBzDC1HEjhATDnWTneT1mIPVOJo9nD2360l76BoL%2bnIyfV7%2b4hXNDwX8f97mpeSV8q6VeRyld3MKM6WH2jvqVjVcKPXSyJtwRvuP005hVe2tZpKAN%2fBrtKKEdwfYKVTi83SUyWHDOFe5mdSRgseDKBCB%2b%2bsAlGEdbidpsyce5DnH7u%2ffblnUdXSQX8XqIVH7xaQeABKe8SfJy3Tw8viaU05rCwn3ElkFqKS5tZIqhTRMHl029%2fnMMEi4JwqKueBPGtuOlA0NDYAc4kVpljhjxetY6RqaLCHFu0%2f7nppWoUP84jH4L9RqwHhQxwRTjKNLhN1VF0Wq9zgNS08rx33DcIqGKsgeJVAQLJdAuF9P%2f4kLP46uqIJOT9TUXcIiAQbn%2fuZYo3iKdjSVq4kTohLRWdpd%2buPK7BMXdZ6ClKD%2b7%2fb8AKiQTSlFemMLlZUwHqfaBP5zES9rLPx3%2bl16uqFBpbKxiYbk1WEuv1e%2f9Ze%2fofLUGHqSeGkso%2ff%2f5MT8ZZgvDUdA6X3JhEavQ4fJMea%2fMF4URGurZBDMzlhYvpEIQ0X9YaFC8YxjGl615pMQWcDTtuUev3HSb0XBbWgtkZQuVMO1um7MLzvbOx4JDqrO4WEnBe2S4Ysl91YVuvwUd%2fMI%3d&referrer=http%3a%2f%2fwww.auction.co.kr%2f&seq=338579208408&type=1
싱싱식탁  프리미엄 제철 고당도 꿀수박 6kg 프리미엄 ,"43,880",http://adgate.auction.co.kr/core/click?nextUrl=http%3a%2f%2fitempage3.auction.co.kr%2fDetailView.aspx%3fitemno%3dC500930612&data=wyF8nBF5RAO%2fyyDAO%2fDdzyTSc1VAySPukSWX%2bcXt3%2fiLhQL68BFlc903uQK%2fYQQi%2foAFIdOLfeMuOK7kUabPHlXHetBEG2rWWrVeAZdmermR84oL0%2bKglXDDYaHazR8L4CQe2yxmH9O78ancuoya1z68xFtNpnF%2f%2bC1puZd8cNz%2b6zDI1vB47PhNGdRJyEBDkVLd6Ow%2bQu%2fs3wHKDWSmMtekmOyctfUdKeacievPpuwkaLwYtZgNZ2hVpBqdV5QA5bZNLf%2bnNYIFMPG8JWc4L6rDnCR7U3IjA8Fx4YMn3qXEiYQW42UO989dr6c5HfUyS6CBl%2b6GiXWN7%2bJ%2b5QkunNbY6yc8SIQmnXhKFHZ4rgkI88tRnVFEuvoKJUIR6ivHANddj0gRnQUQ5iWpEj9TL5L97uFOY3tKOxzrxHRgoJWSrCRwHQAhIwO7WEGZmkfmPSPoQr1i7b1i5eDTFD2dXonSNQRMpL1UJPx9HB%2fD3afMUo0hptnNSMW3qB23u%2bwk8M7x9C74wEdXn81LVOEMNSuau7g50p1%2bFvBZqoSyzhjMfCJ6uzKaeHyHIib3o%2bTJcHpO0kRtf3U8VQNRqKPMjWKnF0WNdLa3PmDh8jv7oJFYt0yx72XC6p%2fovz%2f11tXWqAc%2bAe9buWk5P0l5JnFKdhND4gbsr3cx1QCFFNUWTxrSEbemm%2f%2brtQNT4o%2bPeN665ibQVZTe5v4E%3d&referrer=http%3a%2f%2fwww.auction.co.kr%2f&seq=338579208409&type=1
고당도 하우스수박 6-7kg 정품 ,"34,900",http://itempage3.auction.co.kr/DetailView.aspx?itemno=C589350498
고당도 하우스수박 5-6kg 정품 ,"27,900",http://itempage3.auction.co.kr/DetailView.aspx?itemno=C589348898
와일드바디/옥동자/수박바/죠스바/스크류바 X8 총40 ,"22,900",http://itempage3.auction.co.kr/DetailView.aspx?itemno=C325418409
메가톤바/옥동자/수박바/죠크박/스크류바 8개씩 40개 ,"24,900",http://itempage3.auction.co.kr/DetailView.aspx?itemno=C325419541
수박바 75㎖ 40개 ,"24,900",http://itempage3.auction.co.kr/DetailView.aspx?itemno=C325411560
고당도 하우스수박 8-9kg 정품 ,"49,900",http://itempage3.auction.co.kr/DetailView.aspx?itemno=C589353061
(전단상품)100% 당도선별 수박6KG이상 통 ,"19,990",http://itempage3.auction.co.kr/DetailView.aspx?itemno=C604331230
달콤한 애플수박 애플수박 총1.5~1.8kg내외/2수 ,"15,900",http://itempage3.auction.co.kr/DetailView.aspx?itemno=C354248222
당도 높은 국내산 하우스 수박 4~5kg ,"17,900",http://itempage3.auction.co.kr/DetailView.aspx?itemno=C334260943
갑봉이네 당일수확 산지직송 고당도 수박 7kg이상 ,"27,900",http://itempage3.auction.co.kr/DetailView.aspx?itemno=B834755521
우리네농산물 굿뜨래 수박 5-6kg미만/농협/최대20%쿠폰 ,"21,000",http://itempage3.auction.co.kr/DetailView.aspx?itemno=B670577064
1+1 꿀수박 4~5kg/2통(합9~10kg내외) ,"29,900",http://itempage3.auction.co.kr/DetailView.aspx?itemno=A690984476
경남함안 정품 수박 7kg 이상 실중량 ,"32,900",http://itempage3.auction.co.kr/DetailView.aspx?itemno=C346356903
고당도 하우스수박 6-7kg 정품 ,"34,900",http://itempage3.auction.co.kr/DetailView.aspx?itemno=C589350498
고당도 하우스수박 5-6kg 정품 ,"27,900",http://itempage3.auction.co.kr/DetailView.aspx?itemno=C589348898
함안 프리미엄 꿀수박 5kg 1통 / 20% 할인 21520원 ,"26,900",http://itempage3.auction.co.kr/DetailView.aspx?itemno=C593881503
하우스 꿀 수박 3~4kg내외  시원한 꿀수박 ,"10,900",http://itempage3.auction.co.kr/DetailView.aspx?itemno=C356437360
하우스 수박 2022년 첫 수확 6kg-7kg 꿀당도 ,"34,900",http://itempage3.auction.co.kr/DetailView.aspx?itemno=C587344015
달달한수박 하우스 가정용 2등급 수박4kg이상 ,"11,900",http://itempage3.auction.co.kr/DetailView.aspx?itemno=C600530052
달달한 수박 실중량 5~6키로 1통 실중량 ,"17,900",http://itempage3.auction.co.kr/DetailView.aspx?itemno=C298074235
수박소다 업 350ml x 24 ,"10,900",http://itempage3.auction.co.kr/DetailView.aspx?itemno=C333646335
고당도 꿀 수박 (4~5kg)1통 ,"16,900",http://itempage3.auction.co.kr/DetailView.aspx?itemno=B431183130
수박 하우스 꿀수박 4-5kg 내외 고당도 ,"18,900",http://itempage3.auction.co.kr/DetailView.aspx?itemno=B319611146
국내산 수박 하우스 고당도 꿀수박 5-6kg 내외 ,"18,900",http://itempage3.auction.co.kr/DetailView.aspx?itemno=C588177175
수박 맛있는 수박 5~6kg 18900원 ,"18,900",http://itempage3.auction.co.kr/DetailView.aspx?itemno=C595097741
고당도 꿀수박 하우스 수박 산지직송 4kg 내외 중과 ,"24,900",http://itempage3.auction.co.kr/DetailView.aspx?itemno=C603498915
고당도 프리미엄 고창 수박 산지직송 6kg 내외 대과 ,"38,900",http://itempage3.auction.co.kr/DetailView.aspx?itemno=C603503885
달콤한 수박 1+1 2통(4~5kg)X2통 ,"29,900",http://itempage3.auction.co.kr/DetailView.aspx?itemno=C329992705
하우스 수박 4~5kg ,"17,900",http://itempage3.auction.co.kr/DetailView.aspx?itemno=C329958660
하우스 수박 2022년 첫 수확 4kg-5kg 꿀당도 ,"24,900",http://itempage3.auction.co.kr/DetailView.aspx?itemno=C587342557
당도선별 고당도 유명산지 하우스 꿀 수박 4kg ,"29,900",http://itempage3.auction.co.kr/DetailView.aspx?itemno=C590775720
국내산 수박 5~6kg(가정용) ,"19,900",http://itempage3.auction.co.kr/DetailView.aspx?itemno=B848463737
맛있는 하우스 수박 4kg내 ,"25,900",http://itempage3.auction.co.kr/DetailView.aspx?itemno=C590489720
원예농협 고당도 선별 꿀수박 12브릭스 이상 6kg ,"30,900",http://itempage3.auction.co.kr/DetailView.aspx?itemno=C602073455
원예농협 고당도 선별 꿀수박 12브릭스 이상 7kg ,"32,900",http://itempage3.auction.co.kr/DetailView.aspx?itemno=C602074263
22년 고당도 햇수박 하우스수박 꿀수박 수박 3-4kg ,"19,800",http://itempage3.auction.co.kr/DetailView.aspx?itemno=C604729529
22년 고당도 햇수박 수박 흑미수박 흑수박 3-4kg ,"23,800",http://itempage3.auction.co.kr/DetailView.aspx?itemno=C604745182
고당도 꿀 수박 5kg ,"200,000",http://itempage3.auction.co.kr/DetailView.aspx?itemno=C611552412
델푸릇 프리미엄 12브릭스 고당도 씨없는 수박 6~7kg ,"30,900",http://itempage3.auction.co.kr/DetailView.aspx?itemno=C613736114
에어바운스 에어바이킹쉽 해적바이킹시소 수박시소 ,"493,000",http://itempage3.auction.co.kr/DetailView.aspx?itemno=C575650396
인조꽃 인테리어 조화 꽃다발 소나무잎 소철잎 수박잎 ,550,http://itempage3.auction.co.kr/DetailView.aspx?itemno=B577905924
인조 넝쿨 장식 담쟁이 식물 인테리어 조화 수박잎 ,790,http://itempage3.auction.co.kr/DetailView.aspx?itemno=B526154043
와일드바디/옥동자/수박바/죠스바/스크류바 X8 총40 ,"22,900",http://itempage3.auction.co.kr/DetailView.aspx?itemno=C325418409
메가톤바/옥동자/수박바/죠크박/스크류바 8개씩 40개 ,"24,900",http://itempage3.auction.co.kr/DetailView.aspx?itemno=C325419541
수박바 75㎖ 40개 ,"24,900",http://itempage3.auction.co.kr/DetailView.aspx?itemno=C325411560
써니워터 원형 수박 튜브 110cm 물놀이 원형튜브 수영 ,"14,900",http://itempage3.auction.co.kr/DetailView.aspx?itemno=B870421594
원형수박칼 슬라이서 과일 커팅기 수박절단기 화채칼 ,"9,900",http://itempage3.auction.co.kr/DetailView.aspx?itemno=B438823542
씨앗 모음 토마토 참외 수박 호박 오이 가지 옥수수 ,"1,900",http://itempage3.auction.co.kr/DetailView.aspx?itemno=A640226913
열매채소 씨앗 토마토 딸기 수박 오이 호박 고추 ,"1,850",http://itempage3.auction.co.kr/DetailView.aspx?itemno=B562576139
수박반바지 남아의류 초등생 치마바지 고무줄 바지 ,"11,380",http://itempage3.auction.co.kr/DetailView.aspx?itemno=C529401428
클리티아 과일 수박 고양이 까페 쇼파 의자 방석 ,"6,500",http://itempage3.auction.co.kr/DetailView.aspx?itemno=B366898873
무말랭이차 무차 300g 무청시래기 수박무 비트차 ,"9,000",http://itempage3.auction.co.kr/DetailView.aspx?itemno=C234902579
프리미엄 고당도 꿀수박 가정용 제철과일 5-6kg ,"18,900",http://itempage3.auction.co.kr/DetailView.aspx?itemno=C591617008
폴라벙어리 팬콧 팝덕 엄지 겨울 유아장갑 벙어리장갑 ,"18,310",http://itempage3.auction.co.kr/DetailView.aspx?itemno=B614566826
과일 상큼 U자형 목 베개 수박 키위 파인애플 오렌지 ,"21,380",http://itempage3.auction.co.kr/DetailView.aspx?itemno=C488364299
루즈핏 남자 긴팔 프린팅 셔츠 하와이안 수박 플라밍 ,"38,310",http://itempage3.auction.co.kr/DetailView.aspx?itemno=C531356318
달콤 함안 수박 정품 꿀수박6-7kg내외 쿠폰가 23920원 ,"29,900",http://itempage3.auction.co.kr/DetailView.aspx?itemno=C598006705
아리푸드 당도선별 제철과일 고당도 꿀수박 3~4kg ,"14,900",http://itempage3.auction.co.kr/DetailView.aspx?itemno=C602590483
프리미엄 고당도 흑수박 가정용 제철과일 5-6kg ,"19,900",http://itempage3.auction.co.kr/DetailView.aspx?itemno=C591619583
경남함안 정품 수박 8kg 이상 실중량 ,"32,900",http://itempage3.auction.co.kr/DetailView.aspx?itemno=C346357278
달콤 함안 수박 정품 꿀수박5-6kg내외 특가판매 ,"20,900",http://itempage3.auction.co.kr/DetailView.aspx?itemno=C594939951
성은푸드 제철과일 고당도 수박 가정용(못난이) 6~9kg ,"17,900",http://itempage3.auction.co.kr/DetailView.aspx?itemno=C592559400
경남함안 정품 수박 5kg 이상 실중량 ,"26,900",http://itempage3.auction.co.kr/DetailView.aspx?itemno=B823125410
고당도 꿀 수박 4kg내외 ,"16,900",http://itempage3.auction.co.kr/DetailView.aspx?itemno=C577455861
경남함안 정품 수박 6kg 이상 실중량 ,"27,900",http://itempage3.auction.co.kr/DetailView.aspx?itemno=B823126422
황금열매 국내산 고당도 꿀 수박 흑수박 7~8kg (큼) ,"32,900",http://itempage3.auction.co.kr/DetailView.aspx?itemno=C357494427
과일꾼 고당도 꿀수박 2등급 4-5kg ,"18,900",http://itempage3.auction.co.kr/DetailView.aspx?itemno=C603695131
(단아프레쉬) 시원한 꿀수박 5~6kg (1통) ,"19,500",http://itempage3.auction.co.kr/DetailView.aspx?itemno=C298952910
갑봉이네 새벽수확 신선하고 맛있는 수박 7kg이상 ,"31,400",http://itempage3.auction.co.kr/DetailView.aspx?itemno=B849588500
올즈마켓 고당도 수박 1등급 6kg미만 1통 ,"30,900",http://itempage3.auction.co.kr/DetailView.aspx?itemno=C551222435
(단아프레쉬) 시원한 꿀수박 5~6kg /1+1 (2통) ,"32,500",http://itempage3.auction.co.kr/DetailView.aspx?itemno=C318474739
황금열매 국산 고당도 꿀수박 흑수박 9~10kg (매우 큼) ,"39,900",http://itempage3.auction.co.kr/DetailView.aspx?itemno=C357495105
1+1 꿀수박 5~6kg/2통(합10~12kg내외) ,"37,900",http://itempage3.auction.co.kr/DetailView.aspx?itemno=B703083330
수박 당일수확 신선한 고당도 하우스 꿀수박 4~5kg ,"25,800",http://itempage3.auction.co.kr/DetailView.aspx?itemno=C585691701
